# The list of all articles.
# FORMAT:   article
#
# When publishing on this data set, please cite:
# (1) Robert West and Jure Leskovec:
#     Human Wayfinding in Information Networks.
#     21st International World Wide Web Conference (WWW), 2012.
# (2) Robert West, Joelle Pineau, and Doina Precup:
#     Wikispeedia: An Online Game for Inferring Semantic Distances between Concepts.
#     21st International Joint Conference on Artificial Intelligence (IJCAI), 2009.

Áedán_mac_Gabráin
Åland
Édouard_Manet
Éire
Óengus_I_of_the_Picts
€2_commemorative_coins
10th_century
11th_century
12th_century
13th_century
14th_century
15th_Marine_Expeditionary_Unit
15th_century
16_Cygni
16_Cygni_Bb
16th_century
1755_Lisbon_earthquake
17th_century
1896_Summer_Olympics
18th_century
1928_Okeechobee_Hurricane
1973_oil_crisis
1980_eruption_of_Mount_St._Helens
1997_Pacific_hurricane_season
19th_century
1_Ceres
1st_century
1st_century_BC
2-6-0
2-8-0
2003_Atlantic_hurricane_season
2004_Atlantic_hurricane_season
2004_Indian_Ocean_earthquake
2005_Atlantic_hurricane_season
2005_Hertfordshire_Oil_Storage_Terminal_fire
2005_Kashmir_earthquake
2005_Lake_Tanganyika_earthquake
2005_Sumatra_earthquake
20th_century
21st_century
2nd_century
3_Juno
3rd_century
4-2-0
4-4-0
4-6-0
47_Ursae_Majoris
47_Ursae_Majoris_b
47_Ursae_Majoris_c
4_Vesta
4th_century
55_Cancri
55_Cancri_b
55_Cancri_c
55_Cancri_d
55_Cancri_e
5th_century
6-2-0
6th_century
7th_century
8th_century
90377_Sedna
9th_century
A._E._J._Collins
ABO_blood_group_system
AC_DC
AIDS
AK-47
ALCO_FA
ASCII
AT&T
ATLAS_experiment
A_Christmas_Carol
A_Tale_of_a_Tub
A_Wrinkle_in_Time
A_cappella
Aachen
Aardvark
Aarhus
Abacá
Abacus
Abadan
Abbadid
Abbas_I_of_Persia
Abbasid
Abbey
Abbey_Theatre
Abbot
Abel_Tasman
Aberdeen
Aberration_of_light
Aberystwyth
Abhidhamma_Pitaka
Abidjan
Abkhazia
Able_Archer_83
Abraham_Goldfaden
Abraham_Lincoln
Absinthe
Absolute_zero
Abstract_art
Abu_Dhabi
Abuja
Acceleration
Accountancy
Accra
Acetic_acid
Acetone
Achilles
Achilles_tendon
Acid_rain
Acorn_Computers
Actinium
Action_potential
Actor
Acts_of_Union_1707
Actuary
Adam_Smith
Addis_Ababa
Adelaide
Adenosine_triphosphate
Adi_Shankara
Adolf_Hitler
Adriaen_van_der_Donck
Advertising
Aesthetics
Afghan_Hound
Afghanistan
Africa
African_American_literature
African_Black_Oystercatcher
African_Brush-tailed_Porcupine
African_Buffalo
African_Darter
African_Great_Lakes
African_Grey_Hornbill
African_Grey_Parrot
African_Jacana
African_Penguin
African_Union
African_Wild_Dog
African_clawed_frog
African_dwarf_frog
African_slave_trade
Afrikaans
Agamemnon
Age_of_Enlightenment
Aggregator
Agnosticism
Agriculture
Airbus
Airbus_A380
Aircraft
Aircraft_carrier
Airship
Ajax_(programming)
Akbar
Akhenaten
Akira_Kurosawa
Akkadian_Empire
Akrotiri_and_Dhekelia
Aksumite_currency
Al_Jazeera
Alamosaurus
Alan_Turing
Albania
Albatross
Albert_Einstein
Alberto_Santos-Dumont
Albertosaurus
Albigensian_Crusade
Albinism
Albrecht_Dürer
Albrecht_Rodenbach
Alchemy
Alcibiades
Alcohol
Aleksandr_Pushkin
Aleksandr_Vasilevsky
Aleksey_Arakcheyev
Alexander_Graham_Bell
Alexander_Hamilton
Alexander_the_Great
Alfred_Hitchcock
Alfred_Nobel
Alfred_the_Great
Algebra
Algeria
Algerian_Civil_War
Algiers
Algol
Algoma_Central_Railway
Algorithm
Alice's_Adventures_in_Wonderland
All_Blacks
All_You_Need_Is_Love_(The_JAMs_song)
All_your_base_are_belong_to_us
Allah
Allegory_in_the_Middle_Ages
Alligator
Alliterative_verse
Allosaurus
Almaty
Almond
Alpaca
Alphabet
Alternating_current
Alternation_of_generations
Alternative_rock
Aluminium
Aluminium_chloride
Alzheimer's_disease
Amaranth_oil
Amarillo,_Texas
Amazon_Basin
Amazon_Rainforest
Amazon_River
Amazon_parrot
Amber
Amda_Seyon_I
American_Civil_War
American_English
American_Revolutionary_War
American_Samoa
American_football
American_popular_music
Americium
Amish
Ammolite
Ammonia
Ammonite
Ammosaurus
Amsterdam
Amtrak
Amur
Anaconda
Analytical_Marxism
Anarchism
Anarcho-capitalism
Anatomy
Ancient_Egypt
Ancient_Greece
Ancient_Rome
Ancient_history
Andes
Andorra
Andrés_Nocioni
Andrew_Carnegie
Andrew_Dickson_White
Andrew_Gonzalez
Andrew_Jackson
Andrew_Johnson
Andrew_Robinson
Andriyivskyy_Descent
Andromeda_Galaxy
Andy_Warhol
Anemia
Angel_shark
Angelica
Angkor
Angkor_Wat
Anglican_Church_of_Australia
Anglican_Communion
Anglicanism
Anglo-Saxon_literature
Angola
Anguilla
Animal
Animal_law
Animal_rights
Animation
Ankylosaurus
Ann_Arbor,_Michigan
Anna_Karenina
Anne_Frank
Anne_of_Great_Britain
Annibale_Bugnini
Anno_Domini
Anschluss
Ant
Antananarivo
Antarctic_Treaty_System
Antarctic_krill
Antarctica
Antarctosaurus
Anteater
Antelope
Anthony_van_Dyck
Anthropology
Antigua_and_Barbuda
Antimony
Antlion
Antoine_Lavoisier
Antonín_Dvořák
Anton_Alexander_von_Werner
Antonio_Vivaldi
Antwerp
Apaochi
Apatosaurus
Ape
Aphid
Apollo
Apollo_11
Apollo_8
Apostolic_Succession
Apple
Applied_mathematics
Apricot
Aquarium
Arab-Israeli_conflict
Arab_League
Arabic_language
Arable_land
Aradia,_or_the_Gospel_of_the_Witches
Aral_Sea
Arcadia_(play)
Archaeoastronomy
Archaeology
Archaeopteryx
Archbishop_of_Canterbury
Archimedes
Architecture
Architecture_of_Windows_NT
Architecture_of_the_California_missions
Arctic
Arctic_Circle
Arctic_Monkeys
Arctic_Ocean
Arctic_Tern
Arecaceae
Argan
Argentina
Argon
Argyle_diamond_mine
Ariel_Sharon
Aristarchus_(crater)
Aristotle
Arithmetic
Armadillo
Armand_Jean_du_Plessis,_Cardinal_Richelieu
Armenia
Armia_Krajowa
Arnold_Schwarzenegger
Arp2_3_complex
Ars_moriendi
Arsenal_F.C.
Arsenic
Art
Arthropod
Arthur_Ernest_Percival
Arthur_Sullivan
Arthur_Upfield
Arthur_Wellesley,_1st_Duke_of_Wellington
Arts_and_crafts
Aruba
Arugula
Ascariasis
Asia
Asp_(reptile)
Asparagus
Asperger_syndrome
Assyria
Astatine
Asteroid
Asthma
Astrology
Astronomy
Astrophysics_Data_System
Asunción
Ateneo_de_Manila_University
Athanasius_Kircher
Atheism
Athena
Athens
Athletics_(track_and_field)
Atlanta,_Georgia
Atlantic_Coast_Line_Railroad
Atlantic_Ocean
Atlantic_herring
Atlantic_slave_trade
Atlantis
Atom
Atonality
Attack_on_Pearl_Harbor
Attalus_I
Attention-deficit_hyperactivity_disorder
Attila_the_Hun
Auckland
Augusta,_Lady_Gregory
Augustan_literature
Auguste_Rodin
Augustine_of_Hippo
Augustus
Australia
Australian_English
Australian_Green_Tree_Frog
Australian_Open
Australian_Ringneck
Australian_constitutional_law
Australian_rules_football
Austria
Autism
Auto_racing
Autobianchi_Primula
Autocracy
Automated_teller_machine
Automatic_number_plate_recognition
Automobile
Autorack
Autostereogram
Autumn
Avacha_Volcano
Avalanche
Avatar__The_Last_Airbender
Avocado
Avon_Gorge
Avro_Lancaster
Axe
Ayaan_Hirsi_Ali
Aye-aye
Aymer_de_Valence,_2nd_Earl_of_Pembroke
Azerbaijan
Azerbaijani_people
Aztec
BAE_Systems
BASIC
BBC
BBC_television_drama
BP
BT_Tower
B_vitamins
Babe_Ruth
Baboon
Babur
Baby_Gender_Mentor
Babylonia
Backgammon
Bacteria
Baden-Powell_House
Badger
Badminton
Badugi
Baghdad
Bahá'í_Faith
Bahamas
Bahrain
Baker_Island
Bald_Eagle
Baltic_Sea
Baltimore,_Maryland
Bamako
Banana
Bandicoot
Bangalore
Bangkok
Bangladesh
Banjul
Bank_of_China_(Hong_Kong)
Banknote
Banksy
Bantu
Barack_Obama
Barbados
Barbara_McClintock
Barbary_Lion
Barbary_Macaque
Barcelona
Barium
Barley
Barn_Owl
Barnacle
Baroque
Barracuda
Baruch_Spinoza
Baseball
Basel
Basil
Basil_Brush
Basilica_of_San_Francesco_d'Assisi
Basilica_of_Santa_Maria_degli_Angeli
Basketball
Basking_shark
Bass_(fish)
Basset_Hound
Bassoon
Bat
Bat-eared_Fox
Bath,_Somerset
Bath_School_disaster
Batholith
Batman
Battle_of_Alesia
Battle_of_Amiens
Battle_of_Austerlitz
Battle_of_Badr
Battle_of_Bicocca
Battle_of_Britain
Battle_of_Cannae
Battle_of_France
Battle_of_Gettysburg
Battle_of_Grunwald
Battle_of_Hastings
Battle_of_Jutland
Battle_of_Lechaeum
Battle_of_Leyte_Gulf
Battle_of_Marathon
Battle_of_Midway
Battle_of_Moscow
Battle_of_Normandy
Battle_of_Rennell_Island
Battle_of_Sitka
Battle_of_Smolensk_(1943)
Battle_of_Stalingrad
Battle_of_Tours
Battle_of_Vaslui
Battle_of_Warsaw_(1920)
Battle_of_the_Bulge
Battle_of_the_Eastern_Solomons
Battle_of_the_Little_Bighorn
Battle_of_the_Santa_Cruz_Islands
Battle_of_the_Somme_(1916)
Battles_of_the_Mexican-American_War
Bay_Area_Rapid_Transit
Bay_of_Bengal
Beach
Bean
Bear
Beatles_for_Sale
Beaver
Bedbug
Bede
Bee
Beeching_Axe
Beekeeping
Beep_(SWBLW)
Beer
Beet
Beetle
Behavioral_finance
Behistun_Inscription
Beijing
Beirut
Belarus
Belfast
Belgium
Belize
Belton_House
Ben-Hur_(1959_film)
Ben_Jonson
Ben_Nevis
Bench_language
Benin
Benito_Mussolini
Benjamin_Britten
Benjamin_Disraeli,_1st_Earl_of_Beaconsfield
Benjamin_Franklin
Benjamin_Harrison
Benjamin_Mountfort
Benjamin_of_Tudela
Benzene
Berber_languages
Beriberi
Berkelium
Berlin
Berlin_Wall
Bermuda
Bernard_Hinault
Bertrand_Russell
Beryllium
Betelgeuse_incident
Bette_Davis
Bhutan
Bible
Bicycle
Bicycle_Thieves
Big_Bang
Bill_Clinton
Bill_Gates
Billie_Holiday
Binary_star
Binoculars
Binomial_nomenclature
Biodiesel
Biodiversity
Biofuel
Bioinformatics
Biology
Bionicle__Mask_of_Light
Biosphere
Biotechnology
Bird
Bird_migration
Bird_of_prey
Birmingham
Birth_control
Bismuth
Bison
Bissau
Björn_Borg
Bjørnøya
Black-backed_Jackal
Black-footed_Cat
Black-winged_Stilt
Black_Death
Black_Rhinoceros
Black_Robin
Black_Sea
Black_Seminoles
Black_Wildebeest
Black_hole
Black_panther
Black_pepper
Black_widow_spider
Blackbird
Blackcap
Blackjack
Blackpool
Blacktip_reef_shark
Blade_Runner
Blaise_Pascal
Blitzkrieg
Blokus
Blood_type
Blue_Jay
Blue_Peter
Blue_Tit
Blue_Whale
Blue_Wildebeest
Blue_shark
Bluegrass_music
Bluetooth
Boa
Board_game
Boat
Bob_Dylan
Bob_Marley
Bobcat
Body_mass_index
Bodyline
Boeing_747
Bog
Bogotá
Bohemian_Rhapsody
Bohor_Reedbuck
Bohrium
Bolivia
Bologna
Boltysh_crater
Bongo_(antelope)
Bonobo
Bontebok
Booby
Book
Book_of_Common_Prayer
Book_of_Kells
Boolean_logic
Borage
Boris_Becker
Boron
Bosnia_and_Herzegovina
Boston,_Massachusetts
Boston_RFC
Boston_Terrier
Boston_and_Lowell_Railroad
Botany
Botswana
Bottlenose_Dolphin
Boudica
Boundary_Waters_Canoe_Area_Wilderness
Bourbonnais_train_accident
Bouvet_Island
Box_jellyfish
Boy_Scout
Boyle_Roche
Brabantian
Brabham
Brachiosaurus
Brahman
Brain
Bran
Brandon_Routh
Brasília
Brass_instrument
Bratislava
Brazil
Bread
Breaker_Morant
Bretton_Woods_system
Brian_Close
Bridge
Brighton
Brisbane
Bristol
British_East_India_Company
British_Empire
British_English
British_House_of_Commons
British_Indian_Ocean_Territory
British_Isles
British_Isles_(terminology)
British_Virgin_Islands
British_monarchy
Britney_Spears
Broadcasting
Bromine
Bronze_Age
Brothers_Grimm
Brown_trout
Bruce_Lee
Bruce_Springsteen
Brunei
Brush
Brussels
Brute_force_attack
Bryce_Canyon_National_Park
Btrieve
Bucharest
Buckingham_Palace
Buckminster_Fuller
Budapest
Buddha
Buddhism
Buddhist_art
Buenos_Aires
Buffy_the_Vampire_Slayer
Bulgaria
Bull_shark
Burkina_Faso
Burundi
Bushbuck
Bushpig
Business
Butter
Button
Byzantine_Empire
C++
Cædmon
Côte_d'Ivoire
C._S._Lewis
CF7
CPU_cache
CS_gas
Cactus
Cadmium
Caesar_cipher
Caesium
Caesium_fluoride
Cai_Lun
Cairo
Calcite
Calcium
Calcium_chloride
Calculus
Calgary
California
California_Southern_Railroad
Californium
Calligraphy
Caloris_Basin
Calvin_Coolidge
Calvin_and_Hobbes
Camarasaurus
Cambodia
Cambrian
Cambrian_explosion
Cambridge
Camel
Cameroon
Canada
Canada_Goose
Canadian_Charter_of_Rights_and_Freedoms
Canadian_English
Canadian_House_of_Commons
Canadian_Pacific_Railway
Canadian_Senate
Canadian_football
Canal
Canaletto
Canberra
Cancer
Cane_Toad
Canola
Canterbury
Canterbury_Cathedral
Canute_the_Great
Capacitance
Cape_Canaveral
Cape_Horn
Cape_Lion
Cape_Porcupine
Cape_Town
Cape_Verde
Capital
Capitalism
Capitoline_Triad
Captain_Marvel_(DC_Comics)
Caracas
Caratacus
Caravaggio
Carbon
Carbon_dioxide
Carboniferous
Carcinus_maenas
Card_game
Cardiff
Caribbean_Sea
Carl_Friedrich_Gauss
Carl_G._Fisher
Carl_Jung
Carl_Lewis
Carl_Sagan
Carlsbad_Caverns_National_Park
Carnivore
Caroline_Island
Carolingian_Gospel_Book_(British_Library,_MS_Add._11848)
Carolus_Linnaeus
Carrot
Casablanca_(film)
Casimir_effect
Caspian_Sea
Cassini-Huygens
Cassowary
Castra
Cat
Cat's_Eye_Nebula
Cat_Stevens
Cataract
Cataract_surgery
Cathedral_of_Magdeburg
Catherine_Cranston
Catherine_II_of_Russia
Catholic_social_teaching
Cattle
Cave
Cayman_Islands
Celeriac
Celery
Celine_Dion
Cell_(biology)
Cello
Celtic_F.C.
Celtic_Park
Celtic_mythology
Central_African_Republic
Central_processing_unit
Ceratopsidae
Cereal
Cerebellum
Ceres_(dwarf_planet)
Cerium
Chad
Chadian-Sudanese_conflict
Chaffinch
Channel_Islands
Charlemagne
Charles_Babbage
Charles_Darwin
Charles_Dickens
Charles_Etienne_Brasseur_de_Bourbourg
Charles_II_of_England
Charles_I_of_England
Charles_Sumner
Charles_V,_Holy_Roman_Emperor
Charlie_Chaplin
Charlotte's_Web
Chartism
Che_Guevara
Cheers
Cheese
Cheetah
Chelsea_F.C.
Chemical_element
Chemical_synapse
Chemistry
Chennai
Chepstow_Bridge
Chernobyl_disaster
Chess
Chester_A._Arthur
Chestnut
Chew_Magna
Chew_Stoke
Chew_Valley
Chew_Valley_Lake
Chicago
Chicago_Bears
Chicago_and_North_Western_Railway
Chicken
Child
Children's_Crusade
Children's_rights_movement
Chile
Chiltern_Hills
Chimpanzee
China
Chinese_Rites_controversy
Chinese_language
Chinyingi
Chives
Chlorine
Chocolate
Chola_dynasty
Cholera
Chordate
Chris_Evert
Christian_Bale
Christian_monasticism
Christianity
Christina_Aguilera
Christmas_Island
Christopher_Columbus
Christopher_Wren
Chromatic_aberration
Chromatophore
Chromium
Church_of_England
Church_of_Ireland
Cicely
Cider
Cinema_of_the_United_States
Citizen_Kane
Citizenship
Citrus
City
City_status_in_the_United_Kingdom
Civil_War_token
Civil_rights
Civil_society
Civilization
Civilization_(computer_game)
Clarinet
Classic_female_blues
Claude_Lévi-Strauss
Claude_Monet
Claudius
Clay
Cleopatra_VII
Cleopatra_VII_of_Egypt
Cleveland,_Ohio
Clifton_Suspension_Bridge
Climate
Climate_change
Clock
Clone_Wars_(Star_Wars)
Clothing
Cloud
Coal
Coal_Tit
Cobalt
Coccinellidae
Cochineal
Cockatiel
Cocoa
Coconut
Coconut_crab
Coconut_oil
Cocos_(Keeling)_Islands
Cod
Code_of_Hammurabi
Coffee
Coin
Cold_War
Colditz_Castle
Colima_(volcano)
Collapse_of_the_World_Trade_Center
Colley_Cibber
Cologne
Colombia
Colombo
Color
Color_Graphics_Adapter
Color_blindness
Colorado_River
Colossus_of_Rhodes
Columba
Columbia_River
Columbine_High_School_massacre
Columbus,_Ohio
Comet
Comet_Hale-Bopp
Comet_Halley
Comet_Hyakutake
Comet_Shoemaker-Levy_9
Comet_White-Ortiz-Bolelli
Comics
Comma_Johanneum
Commodore_64
Common_Basilisk
Common_Cuckoo
Common_Eider
Common_Eland
Common_Hazel
Common_Pheasant
Common_Tern
Common_agouti
Common_cold
Common_sage
Commonwealth_Games
Communication
Communism
Community
Comoros
Compact_Disc
Company_(law)
Compsognathus
Computational_chemistry
Computer
Computer_and_video_games
Computer_programming
Computer_science
Conakry
Concorde
Condoleezza_Rice
Conflict
Confucianism
Confucius
Congo_River
Consolation_of_Philosophy
Constantine_I
Constantine_II_of_Scotland
Constitution_of_May_3,_1791
Constitutional_monarchy
Constructivism_(art)
Consumer_protection
Contact_lens
Continent
Continental_crust
Control_car_(rail)
Convention_on_the_International_Trade_in_Endangered_Species_of_Wild_Flora_and_Fauna
Convention_on_the_Rights_of_the_Child
Cook_Islands
Cookiecutter_shark
Cooperative
Coot
Copenhagen
Copenhagen_Fire_of_1728
Copper
Copper(I)_chloride
Coriander
Corinthian_War
Cormorant
Corn_oil
Cornea
Cornell_University
Coronation_Street
Corporate_finance
Corporation
Corrosion
Corundum
Cosmic_inflation
Cosmic_microwave_background_radiation
Costa_Rica
Costume_design
Cotopaxi
Cotswolds
Cotton
Coulomb's_law
Country
Coupling_(railway)
Coventry
Crab_Nebula
Crash_test_dummy
Craters_of_the_Moon_National_Monument_and_Preserve
Craton
Creation-evolution_controversy
Creationism
Creative_Commons
Cretaceous
Cretaceous-Tertiary_extinction_event
Cricket
Crime
Crime_and_Punishment
Crime_in_Mexico
Crimean_Karaites
Crimean_War
Crimson-collared_Tanager
Cristero_War
Criticism_of_the_War_on_Terrorism
Croatia
Crocodile
Crohn's_disease
Cross_Fell
Crossbill
Crow
Crown_Jewels_of_the_United_Kingdom
Crusades
Crust_(geology)
Crustacean
Cryptography
Crystal
Crystallographic_defects_in_diamond
Cuba
Cubeb
Cubism
Cuckmere_Haven
Cultivar
Cultural_diversity
Cultural_identity
Culture
Culture_of_the_Democratic_Republic_of_the_Congo
Curium
Currency
Cyanocobalamin
Cyberpunk
Cyclamen
Cyclone_Percy
Cyclone_Rosita
Cyclops
Cymbopogon
Cyprus
Cyril_Clarke
Cyrus_K._Holliday
Cyrus_the_Great
Cystic_fibrosis
Czech_Republic
Dál_Riata
Düsseldorf
DNA
DNA_repair
DVD
Dad's_Army
Dada
Dakar
Dakota,_Minnesota_and_Eastern_Railroad
Daley_Thompson
Dallas,_Texas
Dam
Damascus
Damascus_steel
Damon_Hill
Dance
Dandelion
Daniel_Day-Lewis
Daniel_Ellsberg
Danny_Deever
Danske_Statsbaner
Dante_Alighieri
Danube
Darfur_conflict
Dark_Ages
Darling_River
Darmstadtium
Darth_Vader
Dartmoor
Das_Kapital
Data_Encryption_Standard
David_Attenborough
David_Beckham
David_Blanchflower
David_Cameron
David_Copperfield_(novel)
David_Helvarg
David_Heymann
David_Hilbert
David_Hume
David_III_of_Tao
David_Livingstone
Davis_Cup
Davy_Jones'_Locker
Day
Dayuan
Dead_Sea
Dead_Sea_scrolls
Death_Valley_National_Park
Decade_Volcanoes
Deconstructivism
Defaka
Defense_of_Sihang_Warehouse
Definition_of_planet
Deinonychus
Deity
Delhi
Deluge_(mythology)
Demand_Note
Democracy
Democratic_Action_Party
Democratic_Republic_of_the_Congo
Demosthenes
Denis_Law
Denmark
Dennis_Ritchie
Denver,_Colorado
Derby
Desert
Desert_locust
Desmond_Tutu
Despotism
Detroit,_Michigan
Devonian
Dewey_Square
Diabetes_mellitus
Diamond
Diamond_cut
Diamond_simulant
Diane_Keaton
Dice
Dido_and_Aeneas
Diego_Garcia
Diego_Maradona
Diego_Velázquez
Differential_equation
Differential_geometry_and_topology
Diffuse_interstellar_band
Dik-dik
Dill
Dilophosaurus
Dimetrodon
Dingo
Dinosaur
Diplodocus
Directdebit
Directive_Principles_in_India
Disneyland_Railroad
Distilled_beverage
Dixie_Mission
Djibouti
Dmitri_Mendeleev
Doctor_Who
Dodo
Dog
Doha
Dolphin
Domesday_Book
Domestic_AC_power_plugs_and_sockets
Domestic_goat
Domesticated_turkey
Dominica
Dominican_Republic
Donald_Bradman
Donald_Duck
Donald_Knuth
Donation
Doom
Dorset
Double-decker_bus
Double_bass
Douglas_Adams
Douglas_DC-4
Dove
Dover
Down_syndrome
Dr._Seuss
Drama
Draughts
Drawing
Dresden
Drinking_water
Driving_on_the_left_or_right
Drosera_anglica
Drosophila_melanogaster
Drought
Drum_and_bass
Du_Fu
Dualism_(philosophy_of_mind)
Dubai
Dublin
Dubnium
Duchenne_muscular_dystrophy
Dundee
Dundee_United_F.C.
Dune
Dunnock
Dunstable_Downs
Duran_Duran
Durham
Durham_Cathedral
Durian
Dutch_language
Dwight_D._Eisenhower
Dysprosium
E.T._the_Extra-Terrestrial_(Atari_2600)
E._E._Cummings
E._P._Wigner
ECHELON
EMD_BL2
EMD_F7
EMD_GP30
Eagle
Eagle_Scout_(Boy_Scouts_of_America)
Earl_of_Shaftesbury
Earless_seal
Earth
Earth's_atmosphere
Earthquake
Earwax
East-West_Schism
EastEnders
East_Africa
East_Flemish
East_Timor
Easter_Island
Eastern_Orthodox_Church
Eastern_Roman_Empire
Ebony
Ecology
Economic_inequality
Economics
Economy_of_Africa
Economy_of_India
Economy_of_Pakistan
Economy_of_Scotland
Economy_of_the_Iroquois
Economy_of_the_Republic_of_Ireland
Ecuador
Edema
Edgar_Allan_Poe
Edible_salt
Edinburgh
Edmond_Halley
Edmonton
Edmund_Burke
Edmund_Hillary
Education
Education_in_the_United_States
Educational_psychology
Edward_Gibbon
Edward_III_of_England
Edward_II_of_England
Edward_IV_of_England
Edward_I_of_England
Edward_Jenner
Edward_Teller
Edward_VIII_of_the_United_Kingdom
Edward_VII_of_the_United_Kingdom
Edward_VI_of_England
Edward_V_of_England
Edward_the_Confessor
Edwin_of_Northumbria
Effect_of_Hurricane_Katrina_on_New_Orleans
Effects_of_global_warming
Effects_of_nuclear_explosions
Egg_(food)
Egypt
Egyptian_pyramids
Eifel_Aqueduct
Eilmer_of_Malmesbury
Einsteinium
El_Aaiún
El_Hatillo_Municipality,_Miranda
El_Lissitzky
El_Niño-Southern_Oscillation
El_Salvador
Elagabalus
Eldfell
Election
Electric_charge
Electric_field
Electrical_engineering
Electrical_resistance
Electricity
Electromagnetic_radiation
Electron
Electron_beam_welding
Electronic_amplifier
Electronics
Elementary_algebra
Elementary_arithmetic
Elementary_group_theory
Eleocharis_dulcis
Elephant
Elephant_bird
Elephant_shrew
Elfin-woods_Warbler
Elias_Ashmole
Eliminative_materialism
Elizabeth_Fry
Elizabeth_II_of_the_United_Kingdom
Elizabeth_I_of_England
Elizabethan_Poor_Law_(1601)
Elvis_Presley
Emacs
Emanuel_Swedenborg
Emirate
Emma_Roberts
Emotion
Emperor_Penguin
Empires__Dawn_of_the_Modern_World
Empiricism
Employment
Emu
Enceladus_(moon)
Encyclopædia_Britannica
Endoscopic_foreign_body_retrieval
Energy
Engineering
England
England_expects_that_every_man_will_do_his_duty
English_Channel
English_Reformation
English_language
English_monarchs_family_tree
English_peasants'_revolt_of_1381
English_poetry
Enigma_machine
Entropy
Environmental_science
Enzyme_kinetics
Eocene
Epaminondas
Epazote
Epic_of_Gilgamesh
Episcopal_polity
Equal_Protection_Clause
Equatorial_Guinea
Erbium
Eric_Clapton
Erie_Canal
Eris_(dwarf_planet)
Eritrea
Ernest_Hemingway
Ernest_Rutherford
Eruption_column
Erwin_Rommel
Eskimo
Esox
Esperanto
Essential_oil
Estonia
Ethanol
Ethics
Ethiopia
Ethiopian_Wolf
Ethnic_group
Euclid
Euclidean_geometry
Eukaryote
Euphrates
Eurasian_Bullfinch
Eurasian_Collared_Dove
Eurasian_Eagle_Owl
Eurasian_Jay
Eurasian_Oystercatcher
Euro
Europe
European_Goldfinch
European_Greenfinch
European_Kingfisher
European_Parliament
European_Space_Agency
European_Union
Europium
Eurovision_Song_Contest
Euston_Manifesto
Eustreptospondylus
Eva_Perón
Evan_Rachel_Wood
Evanton
Evolution
Evolutionarily_stable_strategy
Existentialism
Exploration_of_Mars
Explorer_I
Expressionism
Extinct_birds
Extinction
Extrasolar_planet
Extraterrestrial_life
Eye
Eye_(cyclone)
Eyelid
Ezra_Pound
F-35_Lightning_II
F-4_Phantom_II
FIFA
FIFA_World_Cup
FM_Consolidated_line
FairTax
Fair_Isle
Falcon
Falkirk_Wheel
Falkland_Islands
Family
Famine
Fanny_Blankers-Koen
Faroe_Islands
Fascism
Fashion
Fatty_acid
Fauna_of_Australia
Feather
Fed_Cup
Federal_Bureau_of_Investigation
Federated_States_of_Micronesia
Fedora_Core
Feldspar
Felice_Beato
Felix_Mendelssohn
Felix_the_Cat
Fencing
Fennel
Ferdinand_Magellan
Ferdinandea
Fermi_paradox
Fermium
Fern
Fertile_Crescent
Fertilizer
Fetal_alcohol_spectrum_disorder
Ffestiniog_Railway
Fiberglass
Fiction
Fidel_Castro
Fieldfare
Fiji
Film
Final_Fantasy_(video_game)
Final_Fantasy_Adventure
Finance
Financial_statements
Fine_art
Finland
Fire
Firearm
Firecrest
Firefly_(TV_series)
First_Council_of_Nicaea
First_Crusade
First_Macedonian_War
First_Transcontinental_Railroad
Fish
Fishing
Flag_of_Australia
Flag_of_Belarus
Flag_of_Hong_Kong
Flag_of_India
Flag_of_Mexico
Flag_of_South_Africa
Flag_of_the_Republic_of_China
Flamingo
Flanders
Flat_Earth
Flemish_(linguistics)
Flemish_dialects
Flemish_people
Flood
Floppy_disk
Florence_Nightingale
Florida
Florida_East_Coast_Railway
Floris_and_Blancheflour
Flower
Floyd_Mayweather_Jr.
Fluorine
Flute
Foie_gras
Folic_acid
Folk_music
Folklore
Food
Football
Football_(soccer)
Force
Forensic_facial_reconstruction
Forest
Formic_acid
Formula_One
Forrest_Gump
Fort_de_Chartres
Forth
Forth_Bridge_(railway)
Forth_Road_Bridge
Fossil
Fossil_fuel
Fossil_record
Fourteenth_Amendment_to_the_United_States_Constitution
Fox
Frédéric_Chopin
Fractal
France
France_in_the_American_Revolutionary_War
Frances_Oldham_Kelsey
Francis_Bacon
Francis_Crick
Francis_Drake
Francis_Petre
Francis_of_Assisi
Francisco_Goya
Francium
Frank_Lloyd_Wright
Frankenstein
Frankfurt
Franklin_B._Gowen
Franklin_D._Roosevelt
Franklin_Pierce
Franks
Franz_Kafka
Franz_Schubert
Frederick_Douglass
Frederick_Hamilton-Temple-Blackwood,_1st_Marquess_of_Dufferin_and_Ava
Frederick_II,_Holy_Roman_Emperor
Frederick_II_of_Prussia
Freetown
French_Guiana
French_Open_(tennis)
French_Polynesia
French_Revolution
French_Southern_and_Antarctic_Lands
French_language
Fresh_water
Friedrich_Nietzsche
Friend_Directdebit
Frog
Fruit
Fugu
Full_moon
Funchal
Functional_programming
Fundamental_Rights_in_India
Fundamental_theorem_of_arithmetic
Fungus
Fur_language
Fusarium
Fyodor_Dostoevsky
GDRT
GNOME
GNU
GNU_Linux_naming_controversy
GNU_Project
Gabon
Gaborone
Gadolinium
Galápagos_Islands
Galah
Galaxy
Galeras
Galerina
Galileo_Galilei
Gallery_of_the_Kings_and_Queens_of_England
Gallimimus
Gallium
Galveston_Hurricane_of_1900
Game
Game_theory
Ganesha
Ganges_River
Ganges_shark
Gangtok
Garage_(dance_music)
Garden
Garden_Gnome_Liberation_Front
Gardening
Gas
Gas_giant
Gas_metal_arc_welding
Gas_tungsten_arc_welding
Gas_turbine-electric_locomotive
Gaur
Gauss's_law
Gautama_Buddha
Gaza_Strip
Gazelle
Gender
Genealogy
General_Pershing_Zephyr
Genetic_code
Genetics
Geneva
Genghis_Khan
Genoa
Gentoo_penguin
Geography
Geography_of_Africa
Geography_of_India
Geography_of_Ireland
Geography_of_Texas
Geology
Geology_of_Dorset
Geology_of_the_Grand_Canyon_area
Geometry
Georg_Cantor
Georg_Forster
Georg_von_Boeselager
George_Byron,_6th_Baron_Byron
George_Eliot
George_Fox
George_H._W._Bush
George_Herbert
George_III_of_the_United_Kingdom
George_II_of_Great_Britain
George_IV_of_the_United_Kingdom
George_I_of_Great_Britain
George_Thomas_Coker
George_VI_of_the_United_Kingdom
George_V_of_the_United_Kingdom
George_W._Bush
George_Washington
Georgetown,_Guyana
Georgia_(country)
Gerald_Durrell
Gerald_Ford
German_Crusade,_1096
German_language
German_reunification
Germanium
Germany
Gettysburg_Address
Ghana
Ghost_Dance
Giant's_Causeway
Giant_Eland
Giant_Hogweed
Giant_Panda
Gibraltar
Giganotosaurus
Gilles_Villeneuve
Giraffe
Giuseppe_Verdi
Giza_pyramid_complex
Glacier
Glacier_National_Park_(US)
Glaciology
Glasgow
Glass
Glasses
Glastonbury_Festival
GlaxoSmithKline
Gliding
Gliese_876
Gliese_876_b
Gliese_876_c
Gliese_876_d
Global
Global_city
Global_spread_of_H5N1
Global_warming
Globalization
Globe_Theatre
Globular_cluster
Glorious_Revolution
Glynn_Lunney
Gmail
Go_(board_game)
Goa
God
Gold
Gold(III)_chloride
Gold_standard
Goldcrest
Golden_Eagle
Golden_Gate_Highlands_National_Park
Goldfish
Goleta,_California
Gone_with_the_Wind_(film)
Google
Goose
Gordon_Brown
Gordon_Griffith
Gorilla
Gossypium
Gothenburg
Gottfried_Leibniz
Government
Government_of_France
Gowanus_Canal
Grand_Canal_of_China
Grand_Canyon
Grand_Central_Station_(Chicago)
Grand_Central_Terminal
Grand_Forks,_North_Dakota
Grand_Slam_(tennis)
Grange_Hill
Granite
Graniteville_train_disaster
Grape_seed_oil
Graphic_novel
Gravitation
Gray_Wolf
Gray_reef_shark
Grease_(film)
Great_Auk
Great_Barrier_Reef
Great_Black-backed_Gull
Great_Britain
Great_Bustard
Great_Comet_of_1882
Great_Cormorant
Great_Crested_Grebe
Great_Lakes
Great_Lakes_Storm_of_1913
Great_Moravia
Great_Pyramid_of_Giza
Great_Red_Spot
Great_Rift_Valley
Great_Salt_Lake
Great_Spotted_Woodpecker
Great_Tit
Great_Wall_of_China
Great_Yarmouth
Great_comet
Great_hammerhead
Great_white_shark
Greater_Cane_Rat
Greco-Buddhism
Greece
Greek_War_of_Independence
Greek_mythology
Green_Woodpecker
Greenhouse_effect
Greenland
Greg_LeMond
Gregor_Mendel
Gregorian_chant
Gremlins
Grenada
Grevy's_Zebra
Group_(mathematics)
Grover_Cleveland
Guadeloupe
Guam
Guangzhou
Guatemala
Guernsey
Guglielmo_Marconi
Guild
Guinea
Guinea-Bissau
Guinness
Guitar
Gulf_of_Mexico
Gull
Gunpowder
Guqin
Gustav_Holst
Gustavus_Franklin_Swift
Guyana
Gyeongju
Gypsum
Hänsel_und_Gretel
H.D.
H5N1
HD_209458_b
HD_217107
HD_217107_b
HD_217107_c
HD_28185
HD_28185_b
HIV
HIV_AIDS_in_Africa
HMS_E18
HSBC
HTTP_cookie
H_II_region
Habsburg_Spain
Hadrian's_Wall
Haemophilia
Hafnium
Haiti
Haji_Mohammad_Suharto
Halfbeak
Halloween
Hamburg
Hamilton-Burr_duel
Hammurabi
Hampshire
Hampstead_Heath
Hannibal_Barca
Hanoi
Harald_Maddadsson
Haraldskær_Woman
Harare
Hardball_squash
Harlem_Globetrotters
Harley-Davidson
Harold_Macmillan
Harold_Wilson
Harrier_Hawk
Harry_Potter
Harry_S._Truman
Harvest
Hasekura_Tsunenaga
Hassium
Hatshepsut
Hawaiian_Goose
Hawfinch
Hawk
Hawk-Eye
Hawking_radiation
Health
Heard_Island_and_McDonald_Islands
Heat
Hebrew_calendar
Hebrew_language
Hebrides
Heilbronn
Helen
Helen_Gandy
Helicobacter_pylori
Heliocentrism
Helium
Hellenistic_Greece
Hello_Garci_scandal
Helmeted_Guineafowl
Helsinki
Henipavirus
Henri_Matisse
Henrik_Ibsen
Henry_David_Thoreau
Henry_Fonda
Henry_Ford
Henry_H._Rogers
Henry_III_of_England
Henry_II_of_England
Henry_IV_of_England
Henry_I_of_England
Henry_James
Henry_Moore
Henry_Morrison_Flagler
Henry_Morton_Stanley
Henry_Purcell
Henry_Rollins
Henry_VIII_of_England
Henry_VII_of_England
Henry_VI_of_England
Henry_V_of_England
Henry_Wood_(conductor)
Hepatocellular_carcinoma
Hepatorenal_syndrome
Heracles
Heraclius
Heraldry
Herbert_Hoover
Herbig-Haro_object
Herbivore
Hermann_Maier
Hernán_Cortés
Hero_of_Ukraine
Hero_of_the_Russian_Federation
Herodotus
Heron
Herrerasaurus
Herring_Gull
Hey_Jude
Hickman's_potentilla
High_German_consonant_shift
Hilda_of_Whitby
Himalayas
Himno_Nacional_Mexicano
Hindi
Hinduism
Hip_hop_music
Hippocrates
Hippopotamus
Hiroh_Kikai
Hirohito
History
History_of_Alaska
History_of_Anglo-Saxon_England
History_of_Arizona
History_of_Buddhism
History_of_Burnside
History_of_Cape_Colony_from_1806_to_1870
History_of_Cape_Colony_from_1870_to_1899
History_of_Central_Asia
History_of_Earth
History_of_Greece
History_of_Greenland
History_of_Limerick
History_of_Louisville,_Kentucky
History_of_Miami,_Florida
History_of_New_Jersey
History_of_Northwest_Territories_capital_cities
History_of_Poland_(1945–1989)
History_of_Portugal_(1777–1834)
History_of_Puerto_Rico
History_of_Russia
History_of_Singapore
History_of_Solidarity
History_of_South_Africa
History_of_South_Africa_in_the_apartheid_era
History_of_South_Carolina
History_of_Wikipedia
History_of_computing_hardware
History_of_democracy
History_of_education
History_of_merit_badges_(Boy_Scouts_of_America)
History_of_nuclear_weapons
History_of_painting
History_of_post-Soviet_Russia
History_of_saffron
History_of_science
History_of_slavery
History_of_the_Australian_Capital_Territory
History_of_the_Grand_Canyon_area
History_of_the_Internet
History_of_the_Netherlands
History_of_the_Panama_Canal
History_of_the_Portuguese_Communist_Party
History_of_the_Royal_Australian_Navy
History_of_the_West_Indian_cricket_team
History_of_the_world
Ho_Chi_Minh
Ho_Chi_Minh_City
Holkham_Hall
Hollandic
Holmium
Holy_Roman_Empire
Homer
Homestar_Runner
Homo_floresiensis
Honduras
Honey
Honey_bee
Hong_Kong
Hoover_Dam
Hopman_Cup
Horatio_Nelson,_1st_Viscount_Nelson
Horn_of_Africa
Horse
Hot_air_balloon
House
House_Martin
House_Sparrow
House_of_Lords
Household_income_in_the_United_States
Houston,_Texas
Hovercraft
Howards_End
Howland_Island
Hrafnkels_saga
Hubbard_Glacier
Hubble's_law
Hubble_Deep_Field
Hubble_Space_Telescope
Hudson_Bay
Hugo_Wolf
Human
Human_abdomen
Human_dignity
Human_rights
Humanism
Humanities
Humbert_Roque_Versace
Humour
Humpback_Whale
Humphry_Davy
Humus
Hundred_Years'_War
Hungary
Hunger
Huntington's_disease
Hurricane_Alex_(2004)
Hurricane_Andrew
Hurricane_Camille
Hurricane_Charley
Hurricane_Danny_(1997)
Hurricane_David
Hurricane_Dennis
Hurricane_Edouard_(1996)
Hurricane_Epsilon_(2005)
Hurricane_Felix_(1995)
Hurricane_Floyd
Hurricane_Georges
Hurricane_Gloria
Hurricane_Ivan
Hurricane_John_(1994)
Hurricane_John_(2006)
Hurricane_Katrina
Hurricane_Lenny
Hurricane_Marty_(2003)
Hurricane_Mitch
Hurricane_Philippe_(2005)
Hurricane_Vince_(2005)
Husein_Gradaščević
Hutu
Hyde_Park,_London
Hydrochloric_acid
Hydrogen
Hydrogen_peroxide
Hydrology
Hyena
Hymenoptera
Hypsilophodon
IG_Farben_Building
IPod
ITunes
I_Ching
I_Want_to_Hold_Your_Hand
Ibn_Battuta
Ice
Ice_age
Ice_hockey
Ice_sheet
Iceland
Iceland_hotspot
Ichthyosaur
Idit_Harel_Caperton
Idolatry
Igneous_rock
Igor_Stravinsky
Iguanodon
Ike_Altgens
Imagism
Immanuel_Kant
Imperative_programming
Imperial_Japanese_Navy
Impressionism
Inca_Empire
Income_disparity
India
Indian_Institutes_of_Technology
Indian_Ocean
Indian_Peafowl
Indian_Railways
Indian_Standard_Time
Indian_cricket_team
Indian_independence_movement
Indira_Gandhi
Indium
Indo-Greek_Kingdom
Indonesia
Indonesian_language
Indricotherium
Inductance
Indus_River
Indus_Valley_Civilization
Industrial_Revolution
Industry
Information
Infrastructure
Inner_Hebrides
Insect
Insulin
Integrated_circuit
Intel_Corporation
Intelligence
InterBase
International_Court_of_Justice
International_English
International_Red_Cross_and_Red_Crescent_Movement
International_Space_Station
International_human_rights_instruments
International_law
Internet
Internet_Explorer
Interpol
Introduction_to_special_relativity
Invasion
Invasion_of_Grenada
Invasive_species
Invertebrate
Investment_banking
Iodine
Iowa_class_battleship
Ipswich
Iran
Iranian_peoples
Iraq
Iraq_War
Iraq_and_weapons_of_mass_destruction
Ireland
Ireland_King_of_Arms
Iridium
Irish_Sea
Irish_people
Irish_poetry
Irish_theatre
Iron
Iron(III)_chloride
Iron_Age
Iron_Maiden
Iron_Mike
Irrigation
Isaac
Isaac_Asimov
Isaac_Brock
Isaac_Newton
Isambard_Kingdom_Brunel
Isan
Ishango_bone
Isis
Islam
Islamic_republic
Island_Fox
Isle_of_Man
Isle_of_Wight
Isles_of_Scilly
Isospin
Israel
Issyk_Kul
Istanbul
Italian_Renaissance
Italian_War_of_1521
Italo_disco
Italy
Ivan_IV_of_Russia
Ivory
Ivory-billed_Woodpecker
Jórvík
Józef_Piłsudski
J._J._Thomson
J._K._Rowling
J._M._W._Turner
J._R._R._Tolkien
J._S._Fry_&_Sons
Jack_Kerouac
Jackal
Jackanory
Jackdaw
Jackie_Robinson
Jacob_Riis
Jacobite_rising
Jacques-Louis_David
Jacques_Cartier
Jakarta
Jake_Gyllenhaal
Jamaica
James_Bond
James_Buchanan
James_Callaghan
James_Clerk_Maxwell
James_Cook
James_D._Watson
James_Garfield
James_II_of_England
James_I_of_England
James_Joyce
James_K._Polk
James_Lovelock
James_Monroe
James_Stewart_(actor)
James_T._Aubrey,_Jr.
James_Watt
Jan_Mayen
Jane_Austen
Jane_Eyre
Jane_Fonda
Japan
Japanese_grammar
Japanese_war_crimes
Japanese_yen
Jarvis_Island
Jaws_(film)
Jazz
Jean-Jacques_Rousseau
Jean_Charles_de_Menezes
Jehovah
Jerry_Fodor
Jersey
Jersey_Zoological_Park
Jerusalem
Jesse_Owens
Jesus
Jet_Set_Willy
Jet_engine
Jew
Jewellery
Jiaogulan
Jimmy_Carter
Jimmy_Wales
Joan_of_Arc
Jocelin
Joel_Brand
Johann_Pachelbel
Johann_Sebastian_Bach
Johann_Wolfgang_Goethe
Johannes_Gutenberg
Johannes_Kepler
Johannes_Ockeghem
Johannesburg
John_A.T._Robinson
John_Adams
John_Bull_(locomotive)
John_Cabot
John_Calvin
John_Constable
John_Dee
John_F._Kennedy
John_F._Kennedy_assassination
John_Flamsteed
John_Henninger_Reagan
John_Howard
John_Locke
John_Logie_Baird
John_Marshall
John_Maynard_Keynes
John_McEnroe
John_Millington_Synge
John_Milton
John_Pershing
John_Seigenthaler,_Sr.
John_Sentamu
John_Tyler
John_Vanbrugh
John_W._Campbell
John_W._Johnston
John_of_England
John_von_Neumann
Johnny_Appleseed
Johnston_Atoll
Jomsvikings
Jonah_Lomu
Jonathan_Wild
Jordan
Jordan_River
Jordanhill_railway_station
Jorge_Luis_Borges
Joseph_Haydn
Joseph_Stalin
Joseph_and_the_Amazing_Technicolor_Dreamcoat
Josephus
Juan_Sebastián_Elcano
Judaism
Juice
Julius_Caesar
Julius_and_Ethel_Rosenberg
July_2006_Java_earthquake
Jump_rope
Juniper_berry
Jupiter
Jupiter_(mythology)
Jurassic
Juvenile_delinquency
Jyllands-Posten_Muhammad_cartoons_controversy
Kīlauea
Kaffir_lime
Kakapo
Kakariki
Kangaroo
Kansas_City,_Missouri
Karachi
Kargil_War
Karikkoselkä
Karl_Benz
Karl_Marx
Karl_Popper
Kashmir_region
Katana
Katyn_massacre
Kazakhstan
Keira_Knightley
Kenya
Kerala
Kestrel
Keurusselkä
Kevin_Spacey
Khan_Wali_Khan
Khartoum
Khazars
Khudai_Khidmatgar
Kidnapped_(novel)
Kiev
Kigali
Kigo
King_Arthur
King_Kong_(1933_film)
King_Kong_(2005_film)
Kingman_Reef
Kipchaks_in_Georgia
Kiribati
Kite_(bird)
Kitsch
Klinefelter's_syndrome
Knights_of_Columbus
Kochi_(India)
Kofi_Annan
Kohlberg's_stages_of_moral_development
Kolkata
Konrad_Lorenz
Kookaburra
Korea
Koryaksky
Kosovo
Krag-Jørgensen
Krakatoa
Krazy_Kat
Krill
Krypton
Ku_Klux_Klan
Kuala_Lumpur
Kubla_Khan
Kuiper_belt
Kurt_Cobain
Kuru_(disease)
Kuwait
Kuwait_City
Kylie_Minogue
Kyoto_Protocol
Kyrgyzstan
L._S._Lowry
LANSA_Cuzco_Crash
La_Grande_Armée
La_Paz
Labor_Day_Hurricane_of_1935
Ladysmith_Black_Mambazo
Lagos
Laika
Lake_Albert
Lake_Baikal
Lake_Burley_Griffin
Lake_Chad
Lake_District
Lake_Edward
Lake_Kariba
Lake_Kivu
Lake_Malawi
Lake_Mead
Lake_Powell
Lake_Superior
Lake_Tahoe
Lake_Tanganyika
Lake_Titicaca
Lake_Toba
Lake_Turkana
Lake_Victoria
Lake_Vostok
Lance_Armstrong
Lancia_Flaminia
Land_(economics)
Landform
Landscape
Language
Lanthanum
Laos
Laozi
Las_Palmas_de_Gran_Canaria
Las_Vegas,_Nevada
Last_Supper
Latin
Latin_America
Latin_alphabet
Latvia
Laurence_Olivier
Laurent_Fignon
Lavender
Law
Lawn
Lawrencium
Laws_in_Wales_Acts_1535–1542
Layla
Lead
Lead(II)_nitrate
League_of_Nations
Leaning_Tower_of_Pisa
Lebanon
Leeds
Lego
Leicester
Leif_Ericson
Leisure
Lemon
Lemon_balm
Lemon_myrtle
Lens_(anatomy)
Leo_(constellation)
Leo_Tolstoy
Leon_Trotsky
Leonardo_da_Vinci
Leonhard_Euler
Lerwick
Lesotho
Lesothosaurus
Lettuce
Levee_failures_in_Greater_New_Orleans,_2005
Lhasa
Liberal_Democrats
Liberal_democracy
Liberalism
Liberia
Libertarianism
Library
Library_of_Alexandria
Library_of_Congress
Libreville
Libya
Liechtenstein
Life
Light
Lighthouse_of_Alexandria
Lighting_designer
Lightning_rod
Lille
Lilongwe
Lima
Limerick
Lincoln_(automobile)
Lincoln_Town_Car
Lindisfarne_Gospels
Linear_algebra
Linguistics
Link_(The_Legend_of_Zelda)
Linnet
Linus_Pauling
Linus_Torvalds
Linux
Lion
Lipid
Liquid_crystal
Lisbon
List_of_African_countries
List_of_Archbishops_of_Canterbury
List_of_Asian_countries
List_of_Canadian_provinces_and_territories_by_area
List_of_European_Union_member_states_by_accession
List_of_European_countries
List_of_French_monarchs
List_of_North_American_countries
List_of_Oceanian_countries
List_of_Prime_Ministers_of_the_United_Kingdom
List_of_South_American_countries
List_of_Test_cricket_triple_centuries
List_of_U.S._states_by_date_of_statehood
List_of_animal_welfare_groups
List_of_areas_in_the_National_Park_System_of_the_United_States
List_of_circulating_currencies
List_of_countries
List_of_countries_by_system_of_government
List_of_elements_by_name
List_of_essential_oils
List_of_lakes
List_of_members_of_the_Commonwealth_of_Nations_by_date_joined
List_of_minerals
List_of_monarchs_in_the_British_Isles
List_of_particles
List_of_popes
List_of_rivers_by_length
List_of_sovereign_states
List_of_universities_in_the_United_Kingdom
List_of_vegetable_oils
List_of_world's_largest_lakes
Literacy
Literature
Lithium
Lithium_aluminium_hydride
Lithuania
Little_Women
Liverpool
Liverpool_F.C.
Liverpool_and_Manchester_Railway
Llandudno
Llywelyn_the_Great
Local_community
Local_government_in_the_United_Kingdom
Loch
Loch_Ness
Logba_language
Logic
Logistics
Lomé
London
London_Bridge
London_Underground
London_Zoo
London_sewerage_system
Lone_Wolf_(gamebooks)
Long-billed_Vulture
Long-tailed_Tit
Long_pepper
Longship
Looney_Tunes
Lope_de_Barrientos
Lord's_Resistance_Army
Lord_Voldemort
Los_Angeles,_California
Lost_(TV_series)
Lothal
Lottie_Dod
Louis_Armstrong
Louis_Freeh
Louis_Jordan
Louis_Pasteur
Louis_XIV_of_France
Louisville,_Kentucky
Lovage
Love
Lucy,_Lady_Duff-Gordon
Ludwig_Wittgenstein
Ludwig_van_Beethoven
Luftwaffe
Luminiferous_aether
Lunar_eclipse
Lung_cancer
Lusaka
Lutetium
Luxembourg
Luxembourg_(city)
Lyme_disease
Lyndon_B._Johnson
Lynton_and_Barnstaple_Railway
Lyon
M*A*S*H_(TV_series)
M-10001
M-10003-6
M1_motorway
M25_motorway
M6_motorway
MINI_(BMW)
Macau
Macbeth
Macbeth_of_Scotland
Macedon
Machu_Picchu
Macintosh
Mackenzie_River
Madagascar
Madama_Butterfly
Madrid
Magdalena_Abakanowicz
Magellanic_Penguin
Maghreb
Magic__The_Gathering
Maglev_train
Magma
Magna_Carta
Magnesium
Magnet
Magnetism
Magpie
Mahabharata
Mahatma_Gandhi
Mahjong
Mahmoud_Abbas
Maiasaura
Maize
Makuria
Malaria
Malaspina_Glacier
Malawi
Malaysia
Malcolm_III_of_Scotland
Malcolm_II_of_Scotland
Malcolm_X
Maldives
Mali
Mallard
Malta
Malwa_(Madhya_Pradesh)
Mamenchisaurus
Mammal
Mammoth
Mammoth_Cave_National_Park
Mancala
Manchester
Manchester_United_F.C.
Mandan
Manganese
Mango
Manifest_Destiny
Manifold
Manila
Manorialism
Manuel_I_Komnenos
Manufacturing
Mao_Zedong
Map_projection
Maputo
Marc_Pugh
Marcel_Lefebvre
Marcel_Proust
Marco_Polo
Marcus_Allen
Margaret_Sanger
Margaret_Thatcher
Margate
Margin_of_error
Marginated_Tortoise
Marie_Curie
Mario
Marjoram
Mark_Antony
Mark_Twain
Mark_Twain_House
Mark_Webber
Market
Markup_language
Mars
Mars_Exploration_Rover
Mars_Reconnaissance_Orbiter
Marseille
Marshall_Islands
Marshall_Plan
Martello_tower
Martin_Luther
Martin_Luther_King,_Jr.
Martin_Van_Buren
Martina_Navratilova
Martinique
Marvin_Gaye
Marxism
Mary_II_of_England
Mary_I_of_England
Mary_I_of_Scotland
Mary_Kingsley
Mary_Seacole
Mary_Somerville
Maseru
Mass_Rapid_Transit_(Singapore)
Mass_media
Massospondylus
Material_properties_of_diamond
Mathematical_analysis
Mathematics
Matilda_of_Boulogne
Matrix_(mathematics)
Matsuo_Bashō
Matter
Matthew_Brettingham
Mauna_Loa
Mauritania
Mauritius
Mausoleum_of_Maussollos
Mauthausen-Gusen_concentration_camp
Max_Planck
Max_Weber
Maxwell's_equations
Maya_civilization
Maya_mythology
Mayotte
Mbabane
McFly_(band)
Meander
Measles
Measurement
Meat
Mecca
Mechanical_work
Medal_of_Honor
Medicine
Medieval_commune
Medieval_literature
Medieval_music
Mediterranean_Sea
Mega_Man_X_(character)
Meitnerium
Mekong
Melbourne
Mendelevium
Mendip_Hills
Meningitis
Menstrual_cycle
Mentha
Menthol
Mercantilism
Mercia
Mercury_(element)
Mercury_(planet)
Merrimack_River
Merseburg_Incantations
Mesopotamia
Mestizo
Metal
Metallurgy
Metamorphic_rock
Meteor
Meteor_shower
Meteorological_history_of_Hurricane_Katrina
Meteorology
Metric_expansion_of_space
Mexico
Mexico_City
Miami,_Florida
Michael_Faraday
Michael_Jordan
Michael_Ramsey
Michael_Woodruff
Michelangelo
Michigan_State_University
Mickey_Mantle
Microraptor
Microscope
Microsoft
Microsoft_Windows
Middle_Ages
Middle_East
Midway_Atoll
Miguel_de_Cervantes
Mikhail_Gorbachev
Milan
Miles_Davis
Milgram_experiment
Military_dictatorship
Military_history_of_Canada
Military_history_of_France
Military_history_of_Puerto_Rico
Military_history_of_the_Soviet_Union
Milk
Milk_thistle
Milkshake
Milky_Way
Millard_Fillmore
Milton_Keynes
Mind
Mineral
Ming_Dynasty
Mini
Minimum_wage
Mining
Minmi_(dinosaur)
Minneapolis,_Minnesota
Minnesota
Minoan_civilization
Minstrel_show
Miocene
Mir
Mirabilis_(plant)
Miranda_Otto
Mississippi_River
Missouri_River
Mistle_Thrush
Mitochondrial_Eve
Mitochondrion
Mixed-breed_dog
Mixtape
Modern_history
Modernist_poetry_in_English
Mogadishu
Mohs_scale_of_mineral_hardness
Moldova
Moldovans
Mole_(animal)
Molybdenum
Momentum
Mona_Lisa
Monaco
Monaco_Grand_Prix
Monarchies_in_the_European_Union
Monarchy
Monarda_didyma
Money
Mongol_Empire
Mongol_invasion_of_Central_Asia
Mongolia
Mongoose
Monkey
Monoclonius
Monopoly_(game)
Monrovia
Montenegro
Montevideo
Montreal
Montreal_Metro
Montserrat
Monty_Python
Moon
Moon_landing
Moore's_Law
Moorgate
Moorhen
Morecambe_Bay
Morecambe_and_Wise
Moringa_oleifera
Mormon
Mormon_Trail
Morocco
Morphine
Morris_dance
Mosaic
Moscow
Mosque
Moss
Mother_Teresa
Motion_(physics)
Mount_Baker
Mount_Everest
Mount_Kilimanjaro
Mount_Nyiragongo
Mount_Osmond,_South_Australia
Mount_Pinatubo
Mount_Rainier
Mount_Rushmore
Mount_St._Helens
Mount_Unzen
Mount_Vesuvius
Mountain_Gorilla
Mozambique
Mozilla_Firefox
Mu_Arae
Muhammad
Muhammad_Ali
Muhammad_Ali_Jinnah
Muhammad_Iqbal
Muhammad_ibn_Musa_al-Khwarizmi
Multiculturalism
Multiple_sclerosis
Multiple_sequence_alignment
Mumbai
Mummy
Munich
Murray_River
Muscat,_Oman
Music
Music_of_Albania
Music_of_Antigua_and_Barbuda
Music_of_Barbados
Music_of_Dominica
Music_of_Hawaii
Music_of_Hungary
Music_of_Ireland
Music_of_Italy
Music_of_Martinique_and_Guadeloupe
Music_of_New_Zealand
Music_of_Spain
Music_of_Thailand
Music_of_Trinidad_and_Tobago
Music_of_the_Bahamas
Music_of_the_Lesser_Antilles
Music_of_the_United_States
Music_of_the_trecento
Musical_instrument
Mustard_plant
Mustard_seed
Muttaburrasaurus
Myanmar
Myco-heterotrophy
Myers-Briggs_Type_Indicator
Myocardial_infarction
Mysticism
Mythology
Myxobolus_cerebralis
NATO
Nadia_Comăneci
Nagorno-Karabakh_War
Nahuatl_language
Nairobi
Naked_Mole_Rat
Names_of_God_in_Judaism
Namibia
Nanomedicine
Napoleon_I_of_France
Napoleonic_Wars
Napster
Nash_equilibrium
Nashville,_Tennessee
Natalie_Portman
Nathu_La
National_Anthem_of_Russia
National_Gallery,_London
National_Hockey_League
National_parks_of_England_and_Wales
Nationalism
Nationality
Natural_disaster
Natural_gas
Natural_selection
Nature
Nauru
Naval_Battle_of_Guadalcanal
Navassa_Island
Nazi_Germany
Nazism
Necktie
Negros_Oriental
Neighbours
Neil_Armstrong
Neil_Young
Nelson_Mandela
Nematode
Neoclassicism
Neodymium
Neon
Nepal
Nepenthes_rajah
Nephron
Neptune
Neptunium
Netball
Netherlands
Netherlands_Antilles
Neutron
New_Caledonia
New_Delhi
New_England_Patriots
New_Forest
New_York_City
New_York_City_Subway_nomenclature
New_Zealand
New_moon
Newark,_New_Jersey
Newcastle_upon_Tyne
Newmarket
Newshounds
Newspaper
Newsround
Niagara_Falls
Nicaragua
Niccolò_Machiavelli
Niccolò_Paganini
Niccolò_dell'Abbate
Nickel
Nicobar_Long-tailed_Macaque
Nicolaus_Copernicus
Niels_Bohr
Nigella
Niger
Niger_River
Nigeria
Nightingale
Nikola_Tesla
Nikolai_Rimsky-Korsakov
Nile
Nine_Million_Bicycles
Nineteen_Eighty-Four
Nintendo
Nintendo_DS
Nintendo_Entertainment_System
Niobium
Nirvana_(band)
Nitrification
Nitrogen
Nitrogen_cycle
Nitrogen_fixation
Niue
Noam_Chomsky
Nobel_Peace_Prize
Nobelium
Nobiin_language
Norfolk
Norfolk_Island
Norman_Borlaug
Norman_conquest_of_England
Norse_mythology
North_Africa
North_America
North_Atlantic_oscillation
North_Korea
North_Sea
North_Sea_flood_of_1953
North_Sea_oil
Northern_Ireland
Northern_Mariana_Islands
Northern_Pacific_Railway
Northwest_Africa
Norway
Norwich
Nostradamus
Nottingham
Nouakchott
Novel
Novelty_(locomotive)
Nuclear_fission
Nuclear_power
Nuclear_weapon
Number
Numismatics
Nurse_sharks
Nuthatch
Nutmeg
Nutrition
Oasis_(band)
Oat
Obi-Wan_Kenobi
Ocean
Oceania
Oceanography
Odin
Odysseus
Odyssey
Oenothera
Ohm
Oil_painting
Oil_refinery
Oil_reservoir
Okapi
Olaudah_Equiano
Old_English_language
Old_Nubian_language
Old_Swiss_Confederacy
Oleg_of_Novgorod
Oligarchy
Oligocene
Olive_oil
Oliver_Cromwell
Oliver_Twist
Ollanta_Humala
Olmec
Olympic_Games
Oman
Omega-3_fatty_acid
One_Flew_Over_the_Cuckoo's_Nest_(novel)
One_Foot_in_the_Grave
Onion
Onion_dome
OpenBSD
OpenOffice.org
Open_cluster
Open_source
Opera
Oppression
Optical_fiber
Optical_microscope
Optical_telescope
Opuntia_imbricata
Opus_Dei
Orbit_(anatomy)
Orca
Order_of_Canada
Order_of_St._Patrick
Order_of_the_Bath
Order_of_the_Garter
Order_of_the_Thistle
Ordinal_number
Ordinary_differential_equation
Ordination_of_women
Ordovician
Oregano
Oregon
Organism
Organization
Orion_Nebula
Orkney
Ormulum
Ornithischia
Oroonoko
Osaka
Osama_bin_Laden
Osiris
Oslo
Osmium
Osprey
Osteomalacia
Ostrich
Oswald_of_Northumbria
Ottawa
Otter
Otto_von_Bismarck
Ottoman_Empire
Ouagadougou
Outer_Hebrides
Overseas_Railroad
Oviraptor
Owl
Oxbow_lake
Oxford
Oxygen
Oxyrhynchus
Ozone
Ozone_depletion
Póvoa_de_Varzim
PONG
PRR_GG1
PRR_M1
PSR_B1620-26c
Pablo_Picasso
Pac-Man
Pachycephalosaurus
Pacific_Ocean
Painting
Pakistan
Palace_of_Westminster
Palau
Palazzo_Pitti
Paleocene
Paleontology
Palestinian_territories
Pali_Canon
Palio_di_Siena
Palladian_architecture
Palladium
Palm_oil
Palmyra_Atoll
Pan_Am_Flight_103
Panama
Panama_Canal
Pandanus
Papal_conclave
Paprika
Papua_New_Guinea
Paraguay
Parasaurolophus
Paricutín
Paris
Park
Parliament_of_Canada
Parliament_of_Malaysia
Parliament_of_the_United_Kingdom
Parliamentary_system
Parrot
Parsley
Parsnip
Parthenon
Pashtun_people
Passenger_Pigeon
Pat_Cash
Patna
Paul_Cézanne
Paul_Dirac
Paul_Kane
Paul_McCartney
Paul_of_Tarsus
Pea
Peace
Peaceful_coexistence
Peafowl
Peak_District
Peanut
Pearl
Pedagogy
Pedro_del_Valle
Pelé
Pelagic_zone
Pellagra
Pelycosaur
Penda_of_Mercia
Penguin
Pennine_Way
Pennsylvania_Railroad
Pentateuch
People's_Republic_of_China
Pere_Marquette_1225
Peregrine_Falcon
Perfect_number
Pericles
Periodic_table
Periodic_table_(large_version)
Perl
Permian
Pernicious_anemia
Persian_Empire
Persian_Gulf
Persian_literature
Perth,_Western_Australia
Peru
Pete_Sampras
Peter_Grimes
Peter_I_of_Russia
Peter_Paul_Rubens
Peterborough_Chronicle
Petroleum
Phase_(matter)
Pheidippides
Phenylketonuria
Philadelphia
Philately
Philip_II_of_Spain
Philippines
Philosophiae_Naturalis_Principia_Mathematica
Philosophy
Philosophy_of_mind
Phineas_Gage
Phishing
Phla-Pherá_languages
Phoenix_(spacecraft)
Phoenix_Zoo
Phonograph_cylinder
Phosphorus
Phosphorus_tribromide
Phosphorus_trichloride
Phosphoryl_chloride
Photography
Photon
Photosynthesis
Photosynthetic_reaction_centre
Photovoltaic_array
Physical_paradox
Physical_science
Physics
Pi
Piano
Piccadilly_Circus
Picts
Pied_Avocet
Pig
Pigeon
Pigment
Pikachu
Pink_Pigeon
Pinworm
Pitcairn_Islands
Plains_Zebra
Planet
Planetary_habitability
Planetary_nebula
Plant
Plant_cell
Plasma_(physics)
Plate_tectonics
Plateosaurus
Platinum
Plato
Platypus
Playing_card
Pleiades_(star_cluster)
Plesiosaur
Pliocene
Plover
Plum
Pluto
Plutonium
Plymouth
Pneumonia
Pochard
Podcasting
Poetry
Poetry_of_the_United_States
Poison_gas_in_World_War_I
Pokémon_Trading_Card_Game
Poland
Polar_coordinate_system
Polar_ice_cap
Police
Police_state
Polish–Muscovite_War_(1605–1618)
Polish-Lithuanian_Commonwealth
Polish-Muscovite_War_(1605–1618)
Polish-Soviet_War
Political_economy
Political_integration_of_India
Political_philosophy
Political_science
Politics
Politics_of_the_United_Kingdom
Pollinator
Pollinator_decline
Pollution
Polonium
Polymerase_chain_reaction
Pompeii
Pond
Pontiac's_Rebellion
Pony
Poor_Law
Pop_Idol
Pope
Pope_Benedict_XVI
Pope_John_Paul_II
Pope_Pius_XII
Popular_culture
Popular_culture_studies
Population_history_of_American_indigenous_peoples
Porgy_and_Bess
Port_Louis
Porto-Novo
Portsmouth
Portugal
Portuguese_Communist_Party
Portuguese_language
Post-glacial_rebound
Postage_stamp
Postman_Pat
Potassium
Potassium_iodide
Potassium_nitrate
Potato
Pottery
Poultry
Pound_sterling
Poverty
Prague
Praia
Praseodymium
Pre-Raphaelite_Brotherhood
Precambrian
Prehistoric_man
President_of_the_United_States
Pretoria
Pride_and_Prejudice
Prime_Minister_of_the_United_Kingdom
Prime_number
Primula
Princeton_University
Principality
Printmaking
Prion
Private_Peaceful
Privy_Council_of_the_United_Kingdom
Pro_Milone
Probability_theory
Programming_language
Project_MKULTRA
Project_Vanguard
Promethium
Propaganda
Property
Prospecting
Prostate_cancer
Protactinium
Protein
Protoceratops
Proton
Proxima_Centauri
Psittacosaurus
Psychology
Pterosaur
Ptolemy
Publishing
Puerto_Rico
Puffin
Pumpkin
Punctuated_equilibrium
Pupil
Pygmy_Hippopotamus
Pyongyang
Pyotr_Ilyich_Tchaikovsky
Pyramid
Pyrite
Pythagoras
Pythagorean_theorem
Python_(programming_language)
Qatar
Qin_Dynasty
Qin_Shi_Huang
Qing_Dynasty
Quantity
Quantum_chemistry
Quantum_computer
Quantum_mechanics
Quark
Quartz
Quatermass_and_the_Pit
Queen_(band)
Quetzalcoatl
Quito
Qur'an
Réunion
RER
RMS_Titanic
ROT13
RSS_(file_format)
Rabat
Rabbit
Rabies
Rabindranath_Tagore
Race
Radar
Radhanite
Radio
Radio_frequency
Radio_telescope
Radish
Radium
Radon
Ragtime
Rail_transport
Rail_transport_in_India
Railway_post_office
Rain
Rainbow
Rainforest
Rainhill_Trials
Raising_the_Flag_on_Iwo_Jima
Ralph_Nader
Rama
Ramayana
Ramesses_II
Ramsgate
Ran_(film)
Raney_nickel
Raphael
Rapping
Raven
Ray_of_Light
Real_tennis
Rebecca_Helferich_Clarke
Recorder
Recycling
Red_Kite
Red_Panda
Red_Sea
Red_dwarf
Red_giant
Red_rain_in_Kerala
Redshift
Redwing
Redwood_National_and_State_Parks
Reed_Bunting
Reed_Warbler
Refining
Refrigerator_car
Regent's_Park
Reggae
Reggaeton
Religion
Religious_Society_of_Friends
Rembrandt
René_Descartes
Renaissance
Renaissance_music
Renminbi
Renormalization
Reptile
Republic_of_China
Republic_of_Ireland
Republic_of_Macedonia
Republic_of_the_Congo
Restoration_comedy
Restoration_literature
Retina
Retinol
Retreat_of_glaciers_since_1850
Revised_Standard_Version
Revolution
Reza_Shah
Rhenium
Rhine
Rhode_Island
Rhodium
Rhodium(III)_chloride
Rhubarb
Rhythm_and_blues
Rice
Richard_Feynman
Richard_Francis_Burton
Richard_III_(play)
Richard_III_of_England
Richard_II_of_England
Richard_I_of_England
Richard_Nixon
Richard_O'Connor
Richard_Stallman
Richard_Wagner
Richmond,_Virginia
Riesling
Right_whale
Ringed_Plover
Rio_Tinto_Group
Rio_de_Janeiro
River
River_Severn
River_Thames
Riyadh
Roald_Amundsen
Roan_Antelope
Robert_Baden-Powell,_1st_Baron_Baden-Powell
Robert_Boyle
Robert_Gascoyne-Cecil,_3rd_Marquess_of_Salisbury
Robert_Oppenheimer
Robert_Owen
Robert_Peel
Robert_Schumann
Robert_Stephenson
Robinson_Crusoe
Roche_limit
Rock_Bunting
Rock_Pigeon
Rock_of_Gibraltar
Rockall
Rocky_Mountains
Rococo
Roentgenium
Roman_Britain
Roman_Catholic_Church
Roman_Empire
Roman_Greece
Roman_Vishniac
Roman_law
Roman_mythology
Roman_road
Roman_villa
Romania
Romanticism
Rome
Romeo_and_Juliet
Romulus_Augustus
Ronald_Reagan
Rondane_National_Park
Rook_(bird)
Rosa_Parks
Rose-ringed_Parakeet
Rosemary
Rosetta_Stone
Rotterdam
Rowan_Williams
Royal_Air_Force
Royal_Dutch_Shell
Royal_Geographical_Society
Royal_Grammar_School_Worcester
Royal_Marines
Royal_National_Theatre
Royal_Navy
Royal_Parks_of_London
Rubidium
Rubik's_Cube
Rudolf_Vrba
Rudyard_Kipling
Rugby_World_Cup
Rugby_football
Rule_of_St_Benedict
Rupee
Russia
Russian_Revolution_of_1917
Russian_constitutional_crisis_of_1993
Russian_language
Ruthenium
Rutherford_B._Hayes
Rutherfordium
Rwanda
Rwandan_Genocide
São_Paulo
São_Tomé
São_Tomé_and_Príncipe
Søren_Kierkegaard
S-mine
S._A._Andrée's_Arctic_balloon_expedition_of_1897
SD26
SR-71_Blackbird
Safflower
Saffron
Sahara
Saint-Pierre_and_Miquelon
Saint_Helena
Saint_Joan_(play)
Saint_Kitts_and_Nevis
Saint_Lawrence_Seaway
Saint_Lucia
Saint_Petersburg
Saint_Vincent_and_the_Grenadines
Sakurajima
Saladin
Salford
Salsa_music
Salt
Salt_Lake_City,_Utah
Saltasaurus
Salvador_Dalí
Samantha_Smith
Samarium
Samoa
Samuel_Beckett
Samuel_Taylor_Coleridge
San_Diegan
San_Diego_Electric_Railway
San_Diego_and_Arizona_Railway
San_Francisco,_California
San_Francisco_garter_snake
San_Jose,_California
San_Marino
Sand
Sand_art_and_play
Sand_shark
Sandringham_House
Sandur
Sandy_Koufax
Sanskrit
Sanssouci
Santa_Claus
Santamaría_(volcano)
Santiago,_Chile
Santorini
Sarajevo
Sardar_Vallabhbhai_Patel
Sasha_(DJ)
Sassanid_Empire
Saturn
Saturn_V
Saudi_Arabia
Saurischia
Sauropodomorpha
Sauroposeidon
Sauropsid
Saxicola
Saxophone
Scandium
Scanian_(linguistics)
Scattered_disc
Scelidosaurus
Scent_of_a_Woman
Schatzki_ring
Scheme_programming_language
Schizophrenia
Schrödinger_equation
Schuttern_Gospels
Science
Scientific_classification
Scooby-Doo
Scotch_College,_Perth
Scotland
Scotland_in_the_High_Middle_Ages
Scots_language
Scott_Special
Scottish_Episcopal_Church
Scottish_Gaelic_language
Scottish_Highlands
Scottish_mythology
Scouting
Scramble_for_Africa
Screw
Scrooge_McDuck
Sculpture
Scurvy
Sea
Sea_level_rise
Sea_of_Galilee
Seaborgium
Sean_Connery
Sears_Catalog_Home
Season
Seattle,_Washington
Seawater
Second_Boer_War
Second_Congo_War
Second_Crusade
Seed
Seinfeld
Selena
Selenium
Semiconductor
Semiconductor_device
Senate_of_Canada
Senegal
Senufo_languages
Seoul
Separation_of_powers_under_the_United_States_Constitution
September_11,_2001_attacks
Sequence_alignment
Sequoia
Serbia
Serbia_and_Montenegro
Serenity_(film)
Sermon_on_the_Mount
Sesame
Sesame_Street
Set
Severn_crossing
Seychelles
Sgt._Pepper's_Lonely_Hearts_Club_Band
Shabo_language
Shackleton_(crater)
Shaka
Shanghai
Shark
Sharon_Tate
Sheffield
Sheikh_Mujibur_Rahman
Shelduck
Shenzhou_6
Shenzhou_spacecraft
Shetland
Shielded_metal_arc_welding
Shigin
Shining_Path
Shinto
Ship
Shoe_polish
Short-beaked_Echidna
Shoshone_National_Forest
Shrimp_farm
Shrine_of_Remembrance
Shroud_of_Turin
Sichuan_Pepper
Sicilian_Baroque
Sickle-cell_disease
Siege
Siege_of_Antioch
Sierra_Leone
Sigmund_Freud
Sikhism
Sikkim
Silent_film
Silicon
Silurian
Silver
Simón_Bolívar
SimCity
Simca_Vedette
Sinclair_Research_Ltd
Singapore
Sino-German_cooperation_(1911-1941)
Sino-Roman_relations
Sirius
Sistine_Chapel_ceiling
Sitting_Bull
Six-party_talks_concerning_North_Korea's_nuclear_program
Skåneland
Ska
Skiing
Skylark
Slavery
Slavic_mythology
Sleep
Slovakia
Slovenia
Smallpox
Smog
Snaefell_Mountain_Railway
Snake_charming
Snow
Snow_Goose
Snowball_Earth
Snowdonia
Snowdonia_National_Park
Snowy_Owl
Social_anxiety
Social_capital
Social_contract_(Malaysia)
Socialism
Society
Society_of_Merchant_Venturers
Sociocultural_evolution
Sociology
Socrates
Soddo_language
Sodium
Sodium_hydroxide
Sodium_sulfate
Soil
Soil_moisture
Soil_pH
Soil_profile
Soil_salination
Soil_science
Soil_structure
Soils_retrogression_and_degradation
Solar_System
Solar_eclipse
Solomon_Islands
Somalia
Song_Thrush
Sonic_the_Hedgehog_(character)
Sony
Sorghum
Sorrel
Soukous
Sound
Soup
South_Africa
South_America
South_China_Sea
South_Georgia_and_the_South_Sandwich_Islands
South_Korea
South_Ossetia
Southampton
Southern_Africa
Southern_Ocean
Southern_Pacific_4449
Southern_Rockhopper_Penguin
Southern_United_States
Soviet_Union
Soybean
Space_Invaders
Space_Race
Space_Shuttle_Challenger
Space_Shuttle_Challenger_disaster
Space_Shuttle_Columbia
Space_Shuttle_Columbia_disaster
Space_Shuttle_Endeavour
Space_Shuttle_program
Space_exploration
Space_station
Space_suit
Spacecraft_propulsion
Spain
Spanish_Armada
Spanish_Inquisition
Spanish_conquest_of_the_Inca_Empire
Spanish_language
Sparrow
Sparrowhawk
Speaker_of_the_British_House_of_Commons
Speaker_of_the_United_States_House_of_Representatives
Special_relativity
Speech_synthesis
Speed_of_light
Sperm_Whale
Sphere
Spherical_aberration
Spider
Spinosaurus
Spirit_of_the_American_Doughboy
Spix's_Macaw
Split_infinitive
Sponsorship_Directdebit
Sport
Spotted_Flycatcher
Spring_(season)
Spring_Heeled_Jack
Sputnik_1
Sputnik_2
Sputnik_program
Spyware
Squash_(sport)
Sri_Lanka
Sri_Lankan_Civil_War
St_Buryan
St_Michael's_Mount
St_Paul's_Cathedral
Stag_beetle
Stage_(theatre)
Stained_glass
Stanisław_Koniecpolski
Stanisław_Lem
Stanley,_Falkland_Islands
Stanley_Baldwin
Star
StarCraft
Star_Fox__Assault
Star_Trek
Star_Trek__Deep_Space_Nine
Star_Trek__The_Original_Series
Star_Wars
Star_Wars_Episode_IV__A_New_Hope
Star_anise
Stargate_SG-1
Starling
Starship_Troopers
Statistics
Statue_of_Zeus_at_Olympia
Steam_engine
Steel
Stefan_Edberg
Stegosaurus
Stem_cell
Stephen_Harper
Stephen_Hawking
Stephen_Jay_Gould
Stephen_Trigg
Stephen_of_England
Steve_Davis
Stickleback
Still_Game
Stingray
Stock
Stock_car_(rail)
Stockholm
Stoicism
Stone_Age
Stonehenge
Storm_of_October_1804
Stornoway
Stourbridge_Lion
Strait_of_Malacca
Stratford-upon-Avon
String_theory
Stroke
Strontium
Struthiomimus
Stuttering
Stuttgart
Styracosaurus
Sub-Saharan_Africa
Suburbs_of_Johannesburg
Sucre
Sudan
Sudanic_languages
Sudoku
Suez_Canal
Suffrage
Sugar
Sugar_beet
Sugarcane
Suikinkutsu
Suleiman_the_Magnificent
Sulfur
Sulfuric_acid
Sultan
Sumac
Sumatra
Sumer
Summer
Summer_Hill,_New_South_Wales
Sumo
Sun
Sun_Tzu
Sun_Yat-sen
Sundew
Sunflower
Sunlight
Sunol_Water_Temple
Sunset_Boulevard_(1950_film)
Super_14
Super_Bowl_XL
Super_Chief
Super_Mario_64
Super_Mario_Bros.
Superconductivity
Superman
Supermarine_Spitfire
Supply_and_demand
Supply_chain_management
Supreme_Court_of_the_United_States
Suriname
Surtsey
Sustainable_forestry
Sutton_Hoo
Svalbard
Svartálfar
Swallow
Swan
Swastika
Swaziland
Sweden
Swedish_allotment_system
Swift
Swiss_Federal_Council
Swissair_Flight_111
Switzerland
Sydney
Sydney_Newman
Sydney_Riot_of_1879
Sylvanus_Morley
Symmetry
Synthesizer
Syria
T-34
T._D._Judah
T._S._Eliot
TGV
Tacitean_studies
Tagoi_language
Taipei
Taiwan
Taj_Mahal
Tajikistan
Talc
Tamarind
Tamil_language
Tamil_people
Tank
Tansy
Tantalum
Tanzania
Tao_Te_Ching
Taoism
Tarragon
Tashkent
Tasmanian_Devil
Tawny_Owl
Tay-Sachs_disease
Tay_Rail_Bridge
TeX
Tea
Technetium
Technology
Tehran
Tel_Aviv
Telecommunication
Telephone
Telephone_exchange
Telescope
Television
Tellurium
Temperate
Temple_of_Artemis
Templon
Tennis
Tennis_Masters_Cup
Tenzin_Gyatso,_14th_Dalai_Lama
Tenzing_Norgay
Terbium
Terik
Tern
Terrorism
Textile
Thailand
Thalassemia
Thallium
The_Absent-Minded_Beggar
The_Adventures_of_Tintin
The_Anarchy
The_Ashes
The_Bahamas
The_Beano
The_Beatles
The_Beatles_discography
The_Blitz
The_Broads
The_Brothers_Karamazov
The_Canadian
The_Cantos
The_Cat_in_the_Hat
The_Catcher_in_the_Rye
The_Catlins
The_Championships,_Wimbledon
The_Children's_Machine
The_Count_of_Monte_Cristo
The_Country_Wife
The_Curious_Incident_of_the_Dog_in_the_Night-time
The_Dandy
The_Fairy-Queen
The_Famous_Five_(characters)
The_Fens
The_Frogs
The_Gambia
The_Godfather
The_Great_Exhibition
The_Hague
The_Hitchhiker's_Guide_to_the_Galaxy
The_Hobbit
The_Holocaust
The_Illuminatus!_Trilogy
The_Importance_of_Being_Earnest
The_Iron_Bridge
The_King's_Regiment_(Liverpool)
The_Last_Supper_(Leonardo)
The_Legend_of_Zelda_series
The_Lion,_the_Witch_and_the_Wardrobe
The_Lion_King
The_Lorax
The_Lord_of_the_Rings
The_Lord_of_the_Rings_film_trilogy
The_Magic_Flute
The_Marriage_of_Figaro
The_Merchant_of_Venice
The_Mismeasure_of_Man
The_Old_Man_and_the_Sea
The_Origin_of_Species
The_Oz_books
The_Picture_of_Dorian_Gray
The_Pilgrim's_Progress
The_Quatermass_Experiment
The_Relapse
The_Rime_of_the_Ancient_Mariner
The_Rite_of_Spring
The_Rolling_Stones
The_Seagull
The_Shawshank_Redemption
The_Simpsons
The_Smiths
The_Supremes
The_Temptations
The_Wall_Street_Journal
The_Waste_Land
The_West_Wing_(TV_series)
The_X-Files
Theatre
Theatre_Royal,_Drury_Lane
Theatre_in_the_round
Theodore_Roosevelt
Therizinosaurus
Thermodynamic_temperature
Thermodynamics
Theropoda
Theta
Thiamine
Third_Servile_War
Thomas_Aquinas
Thomas_Becket
Thomas_Cranmer
Thomas_Edison
Thomas_Gainsborough
Thomas_Hobbes
Thomas_Jefferson
Thomas_Malthus
Thomas_More
Thomas_Pynchon
Thomas_Samuel_Kuhn
Thor
Thorax
Thorium
Thrasybulus
Three_Gorges_Dam
Three_Laws_of_Robotics
Three_Mile_Island_accident
Thrush_(bird)
Thucydides
Thulium
Thunderstorm
Tiananmen_Square_protests_of_1989
Tibet
Tide
Tiger
Tiger_Woods
Tiger_shark
Tigris
Tijuana
Tiktaalik
Tim_Berners-Lee
Tim_Henman
Timbuktu
Time
Time_zone
Timeline_of_discovery_of_solar_system_planets_and_their_natural_satellites
Timken_1111
Timur
Tin
Tin(II)_chloride
Tin_whistle
Tiridates_I_of_Armenia
Titanium
Titanosauridae
To_Kill_a_Mockingbird
Tobacco
Tobacco_smoking
Tofu
Togo
Tokelau
Tokyo
Toluene
Tom_and_Jerry_(MGM)
Tone_cluster
Tonga
Tony_Blair
Tooth_development
Tooth_enamel
Top_of_the_Pops
Topology
Toraja
Tornado
Toronto
Tottenham_Hotspur_F.C.
Tour_de_France
Tourette_syndrome
Tourism
Tower_Bridge
Tower_of_London
Toy
Toy_Story
Trabancos_River
Trade_and_usage_of_saffron
Trade_union
Trafalgar_Square
Train
Trans-Siberian_Railway
Transit_of_Venus
Transport
Trapdoor_spider
Treasure_Island
Treaty_of_Devol
Treaty_of_Versailles
Tree
Tree_Sparrow
Tree_frog
Treecreeper
Trench_warfare
Triassic
Triathlon
Tribe
Triceratops
Trichinosis
Triggerplant
Trigonometric_function
Trigonometry
Trimurti
Trinidad_and_Tobago
Trinity
Trinity_College,_Cambridge
Trinity_test
Tripitaka
Tripoli
Triumph_of_the_Will
Trobairitz
Trojan_War
Troodon
Troop_sleeper
Tropical_Storm_Allison
Tropical_Storm_Ana_(2003)
Tropical_Storm_Bilis_(2006)
Tropical_Storm_Bonnie_(2004)
Tropical_Storm_Chris_(2006)
Tropical_Storm_Danielle_(1992)
Tropical_Storm_Delta_(2005)
Tropical_Storm_Franklin_(2005)
Tropical_Storm_Harvey_(2005)
Tropical_Storm_Henri_(2003)
Tropical_Storm_Isabel_(1985)
Tropical_Storm_Larry_(2003)
Tropical_Storm_Lee_(2005)
Tropical_Storm_Leslie_(2000)
Tropical_Storm_Matthew_(2004)
Tropical_Storm_Odette_(2003)
Tropical_Storm_Vamei
Tropical_Storm_Zeta_(2005)
Tropical_cyclone
Tropics
Trout
Trumpet
Tsar_Bomba
Tsunami
Tuatara
Tuberculosis
Tufted_Duck
Tuna
Tungsten
Tunis
Tunisia
Tupac_Shakur
Turin
Turkey
Turkey_(bird)
Turkish_Republic_of_Northern_Cyprus
Turkish_literature
Turkmenistan
Turks_and_Caicos_Islands
Turmeric
Turner_syndrome
Turquoise
Turtle
Tutsi
Tuvalu
Tycho_Brahe
Typewriter
Typhoon_Ewiniar_(2006)
Typhoon_Saomai_(2006)
Tyrannosaurus
U.S._Navy_Marine_Mammal_Program
U.S._Open_(tennis)
U.S._Route_66
U.S._state
U2
USS_Wisconsin_(BB-64)
Ubuntu_(Linux_distribution)
Uffington_White_Horse
Uganda
Ukraine
Ukulele
Ulawun
Ultimatum_game
Ultraviolet
Uluru
Ulysses_S._Grant
Umbrella_Cockatoo
Underground_(stories)
Union_Flag
Union_Station_(San_Diego)
United_Arab_Emirates
United_Kingdom
United_Kingdom_national_football_team
United_Malays_National_Organisation
United_Nations
United_States
United_States_Bill_of_Rights
United_States_Congress
United_States_Constitution
United_States_Declaration_of_Independence
United_States_House_of_Representatives
United_States_Numbered_Highways
United_States_Senate
United_States_Virgin_Islands
United_States_dollar
United_for_Peace_and_Justice
Universe
University
University_of_Bristol
University_of_Cambridge
University_of_Chicago
University_of_Texas_at_Austin
Unix
Ununbium
Ununhexium
Ununoctium
Ununpentium
Ununquadium
Ununtrium
Upsilon_Andromedae
Upsilon_Andromedae_b
Upsilon_Andromedae_c
Upsilon_Andromedae_d
Uranium
Uranus
Urial
Ursuline_Convent_Riots
Uruguay
Utilitarianism
Utrecht_(city)
Uzbekistan
Vacutainer
Valparaíso
Vampire
Vampire_bat
Van_Halen
Vanadium
Vancouver
Vanilla
Vanuatu
Varanasi
Vasco_da_Gama
Vatican_City
Vegetable
Vegetation
Velociraptor
Venezuela
Venn_diagram
Venus
Venus_and_Adonis_(opera)
Vernon_Kell
Vertebrate
Vestigial_structure
Vicia_faba
Victor_Hugo
Victoria,_Seychelles
Victoria_Cross
Victoria_of_the_United_Kingdom
Video
Vienna
Vietnam
Vietnam_War
Viking
Vinaya
Vincent_van_Gogh
Virgil
Virginian_Railway
Virtuti_Militari
Virus
Visual_arts
Vitamin
Vitamin_C
Vitamin_D
Vitus_Bering
Vivien_Leigh
Vladimir_Lenin
Vodafone
Volcanic_pipe
Volcano
Vole
Volga_River
Volleyball
Volt
Voltaire
Voting
Vowel
Voynich_manuscript
Vulgar_Latin
Vulture
W._Mark_Felt
WTA_Tour_Championships
Wader
Waheguru
Wake_Island
Wales
Wall_Street
Wallaby
Wallis_and_Futuna
Walrus
Walt_Disney
Walt_Whitman
Walter_Raleigh
Walter_Scott
War
War_and_Peace
War_in_Somalia_(2006–present)
War_of_the_League_of_Cambrai
War_of_the_Spanish_Succession
Ward_Cunningham
Warren_G._Harding
Wars_of_Castro
Wars_of_the_Roses
Warsaw
Warsaw_Uprising_(1794)
Wasabi
Washington,_D.C.
Washington_Metro
Washington_streetcars
Wasp
Waste_management
Watch
Watchmen
Water
Water_Buffalo
Water_polo
Water_purification
Water_resources
Watercolor_painting
Watling_Street
Wave
Wave–particle_duality
Wayne_Rooney
Weakest_Link
Weapon
Weasel
Weather
Weather_forecasting
Weather_map
Weed
Weight_training
Weimar_Republic
Welding
Wellington
Welsh_law
Wernher_von_Braun
Wessex
West_Bank
West_Flemish
West_Virginia
Western_Front_(World_War_I)
Western_Roman_Empire
Western_Sahara
Western_painting
Westminster_Abbey
Westminster_System
Weston-super-Mare
Westport_Country_Playhouse
Weyauwega_derailment
Weymouth
Weyto_language
Whale
Whale_shark
Whale_song
Wheat
Where_Did_Our_Love_Go
Whipworm
White's_Tree_Frog
White-tailed_Eagle
White_Mountain_art
White_Wagtail
White_cliffs_of_Dover
Whitethroat
Whitney_Joins_The_JAMs
Whooping_Crane
Wigeon
Wikimedia_Foundation
Wikinews
Wikipedia
Wikipedia_Text_of_the_GNU_Free_Documentation_License
Wikisource
Wikispecies
Wild_cat
Wildebeest
Willem_Barents
William_Butler_Yeats
William_Edington
William_Ewart_Gladstone
William_Gilbert
William_Gladstone
William_Harvey
William_Henry_Harrison
William_Hogarth
William_Howard_Taft
William_III_of_England
William_II_of_England
William_IV_of_the_United_Kingdom
William_I_of_England
William_Mahone
William_McKinley
William_N._Page
William_Pitt_the_Younger
William_Renshaw
William_Shakespeare
William_Tecumseh_Sherman
William_Thomson,_1st_Baron_Kelvin
William_Wilberforce
William_and_Mary
William_the_Silent
Wind
Windows_2000
Windows_Vista
Windows_XP
Windsor_Castle
Wine
Winfield_Scott_(ship)
Winfield_Scott_Hancock
Winston_Churchill
Winston_Tunnel
Winter
Witold_Pilecki
Wolf_Brother
Wolfgang_Amadeus_Mozart
Wolverine
Wombat
Women's_rights
Wood
Wood_Pigeon
Wood_fuel
Woodpecker
Woodrow_Wilson
Woodruff
Woodworking
WorkChoices
Work_(thermodynamics)
Working_poor
World_Bank_Group
World_Health_Organization
World_Heritage_Site
World_Trade_Organization
World_War_I
World_War_II
World_Wide_Web
Worm
Wowpurchase
Wren
Wrench
Wrestling
Wright_brothers
Writing
Wyndham_Robertson
X-Men__The_Last_Stand
X_Window_System
X_Window_System_protocols_and_architecture
X_Window_core_protocol
Xanadu_House
Xenon
Yagan
Yak
Yamoussoukro
Yangtze_River
Yarralumla,_Australian_Capital_Territory
Yeast
Yellow_River
Yellow_fever
Yellowhammer
Yellowstone_National_Park
Yemen
Yenisei_River
Yes_Minister
Yeti
Yom_Kippur_War
York
Yorkshire_Dales
Yotsuya_Kaidan
You're_Still_the_One
Ytterbium
Yttrium
Yugoslavia
Yungay,_Peru
Yuri_Gagarin
Yuri_Knorosov
Zürich
ZX_Spectrum
Zachary_Taylor
Zambezi
Zambia
Zara_Yaqob
Zebra
Zebra_shark
Zeus
Zhang_Qian
Zheng_He
Ziad_Jarrah
Zimbabwe
Zinc
Zinc_chloride
Zion_National_Park
Zionism
Zirconium
Zoroaster
Zuid-Gelders
Zulu
